﻿<?xml version="1.0" encoding="utf-8"?><custom_joints><ss_e_ip_9><f0><point><x>0</x><y>-0.5</y><z>-0.1166666667</z></point><point><x>0.5</x><y>-0.5</y><z>-0.4</z></point><point><x>0.5</x><y>-0.5</y><z>0.4</z></point><point><x>0</x><y>-0.5</y><z>0.1166666667</z></point></f0><f1><point><x>0</x><y>0.5</y><z>-0.1166666667</z></point><point><x>0.5</x><y>0.5</y><z>-0.4</z></point><point><x>0.5</x><y>0.5</y><z>0.4</z></point><point><x>0</x><y>0.5</y><z>0.1166666667</z></point></f1><f0><point><x>0</x><y>-0.5</y><z>-0.1166666667</z></point><point><x>0</x><y>-0.5</y><z>0.1166666667</z></point></f0><f1><point><x>0</x><y>0.5</y><z>-0.1166666667</z></point><point><x>0</x><y>0.5</y><z>0.1166666667</z></point></f1><m0><point><x>0</x><y>-0.5</y><z>-0.1166666667</z></point><point><x>-0.5</x><y>-0.5</y><z>-0.4</z></point><point><x>-0.5</x><y>-0.5</y><z>0.4</z></point><point><x>0</x><y>-0.5</y><z>0.1166666667</z></point></m0><m1><point><x>0</x><y>0.5</y><z>-0.1166666667</z></point><point><x>-0.5</x><y>0.5</y><z>-0.4</z></point><point><x>-0.5</x><y>0.5</y><z>0.4</z></point><point><x>0</x><y>0.5</y><z>0.1166666667</z></point></m1><m0><point><x>0</x><y>-0.5</y><z>-0.1166666667</z></point><point><x>0</x><y>-0.5</y><z>0.1166666667</z></point></m0><m1><point><x>0</x><y>0.5</y><z>-0.1166666667</z></point><point><x>0</x><y>0.5</y><z>0.1166666667</z></point></m1><f_boolean_type><id>1</id><id>1</id></f_boolean_type><m_boolean_type><id>1</id><id>1</id></m_boolean_type><properties><id>1</id></properties></ss_e_ip_9><ss_e_op_9><f0><point><x>0.5</x><y>0.5</y><z>0.3</z></point><point><x>0.5</x><y>-1.499975</y><z>0.3</z></point><point><x>0.5</x><y>-1.499975</y><z>-0.3</z></point><point><x>0.5</x><y>0.5</y><z>-0.3</z></point></f0><f1><point><x>-0.5</x><y>-0.499975</y><z>0.3</z></point><point><x>-0.5</x><y>-1.49995</y><z>0.3</z></point><point><x>-0.5</x><y>-1.49995</y><z>-0.3</z></point><point><x>-0.5</x><y>-0.5</y><z>-0.3</z></point></f1><f0><point><x>0.5</x><y>0.5</y><z>0.3</z></point><point><x>0.5</x><y>0.5</y><z>-0.3</z></point></f0><f1><point><x>-0.5</x><y>-0.499975</y><z>0.3</z></point><point><x>-0.5</x><y>-0.5</y><z>-0.3</z></point></f1><f0><point><x>0.5</x><y>-0.5</y><z>0.25</z></point><point><x>0.5</x><y>0.5</y><z>0.25</z></point><point><x>0.5</x><y>0.5</y><z>-0.25</z></point><point><x>0.5</x><y>-0.5</y><z>-0.25</z></point><point><x>0.5</x><y>-0.5</y><z>0.25</z></point></f0><f1><point><x>-0.5</x><y>-0.499975</y><z>0.25</z></point><point><x>-0.5</x><y>0.500025</y><z>0.25</z></point><point><x>-0.5</x><y>0.500025</y><z>-0.25</z></point><point><x>-0.5</x><y>-0.499975</y><z>-0.25</z></point><point><x>-0.5</x><y>-0.499975</y><z>0.25</z></point></f1><f0><point><x>0.5</x><y>-0.5</y><z>0.25</z></point><point><x>0.5</x><y>0.5</y><z>0.25</z></point><point><x>0.5</x><y>0.5</y><z>-0.25</z></point><point><x>0.5</x><y>-0.5</y><z>-0.25</z></point><point><x>0.5</x><y>-0.5</y><z>0.25</z></point></f0><f1><point><x>-0.5</x><y>-0.499975</y><z>0.25</z></point><point><x>-0.5</x><y>0.500025</y><z>0.25</z></point><point><x>-0.5</x><y>0.500025</y><z>-0.25</z></point><point><x>-0.5</x><y>-0.499975</y><z>-0.25</z></point><point><x>-0.5</x><y>-0.499975</y><z>0.25</z></point></f1><m0><point><x>-0.5</x><y>-0.5</y><z>0.3</z></point><point><x>0.5</x><y>-0.5</y><z>0.3</z></point><point><x>0.5</x><y>-0.5</y><z>0.25</z></point><point><x>-1</x><y>-0.5</y><z>0.25</z></point><point><x>-1</x><y>-0.5</y><z>-0.25</z></point><point><x>0.5</x><y>-0.5</y><z>-0.25</z></point><point><x>0.5</x><y>-0.5</y><z>-0.3</z></point><point><x>-0.5</x><y>-0.5</y><z>-0.3</z></point></m0><m1><point><x>0.5</x><y>0.5</y><z>0.3</z></point><point><x>0.510075</x><y>0.5</y><z>0.3</z></point><point><x>0.5</x><y>0.5</y><z>0.25</z></point><point><x>-1</x><y>0.5</y><z>0.25</z></point><point><x>-1</x><y>0.5</y><z>-0.25</z></point><point><x>0.5</x><y>0.5</y><z>-0.25</z></point><point><x>0.510075</x><y>0.5</y><z>-0.3</z></point><point><x>0.5</x><y>0.5</y><z>-0.3</z></point></m1><m0><point><x>-0.5</x><y>-0.5</y><z>0.3</z></point><point><x>-0.5</x><y>-0.5</y><z>-0.3</z></point></m0><m1><point><x>0.5</x><y>0.5</y><z>0.3</z></point><point><x>0.5</x><y>0.5</y><z>-0.3</z></point></m1><f_boolean_type><id>3</id><id>3</id><id>2</id><id>2</id></f_boolean_type><m_boolean_type><id>3</id><id>3</id></m_boolean_type><properties><id>0</id></properties></ss_e_op_9><ts_e_p_9><f0><point><x>0.6</x><y>-0.25</y><z>-0.25</z></point><point><x>-0.6</x><y>-0.25</y><z>-0.25</z></point><point><x>-0.6</x><y>-0.25</y><z>0.25</z></point><point><x>0.6</x><y>-0.25</y><z>0.25</z></point><point><x>0.6</x><y>-0.25</y><z>-0.25</z></point></f0><f1><point><x>0.6</x><y>-0.5022267595</y><z>-0.25</z></point><point><x>-0.6</x><y>-0.5022267595</y><z>-0.25</z></point><point><x>-0.6</x><y>-0.5022267595</y><z>0.25</z></point><point><x>0.6</x><y>-0.5022267595</y><z>0.25</z></point><point><x>0.6</x><y>-0.5022267595</y><z>-0.25</z></point></f1><f0><point><x>0.55</x><y>-0.25</y><z>-0.25</z></point><point><x>-0.55</x><y>-0.25</y><z>-0.25</z></point><point><x>-0.55</x><y>-0.5</y><z>-0.5</z></point><point><x>0.55</x><y>-0.5</y><z>-0.5</z></point><point><x>0.55</x><y>-0.25</y><z>-0.25</z></point></f0><f1><point><x>0.55</x><y>-0.5328427125</y><z>0.0328427125</z></point><point><x>-0.55</x><y>-0.5328427125</y><z>0.0328427125</z></point><point><x>-0.55</x><y>-0.7828427125</y><z>-0.2171572875</z></point><point><x>0.55</x><y>-0.7828427125</y><z>-0.2171572875</z></point><point><x>0.55</x><y>-0.5328427125</y><z>0.0328427125</z></point></f1><f0><point><x>-0.5</x><y>-0.25</y><z>0.25</z></point><point><x>0.5</x><y>-0.25</y><z>0.25</z></point><point><x>0.5</x><y>-0.5</y><z>0.5</z></point><point><x>-0.5</x><y>-0.5</y><z>0.5</z></point><point><x>-0.5</x><y>-0.25</y><z>0.25</z></point></f0><f1><point><x>-0.5</x><y>-0.5328427125</y><z>-0.0328427125</z></point><point><x>0.5</x><y>-0.5328427125</y><z>-0.0328427125</z></point><point><x>0.5</x><y>-0.7828427125</y><z>0.2171572875</z></point><point><x>-0.5</x><y>-0.7828427125</y><z>0.2171572875</z></point><point><x>-0.5</x><y>-0.5328427125</y><z>-0.0328427125</z></point></f1><f0><point><x>-0.55</x><y>-0.05</y><z>-0.2381799399</z></point><point><x>0.25</x><y>-0.05</y><z>-0.1593425008</z></point><point><x>0.25</x><y>-0.05</y><z>0.1594292975</z></point><point><x>-0.55</x><y>-0.05</y><z>0.2382667366</z></point><point><x>-0.55</x><y>-0.05</y><z>-0.2381799399</z></point></f0><f1><point><x>-0.55</x><y>-0.3795680298</y><z>-0.1277917871</z></point><point><x>0.25</x><y>-0.3795680298</y><z>-0.0489543479</z></point><point><x>0.25</x><y>-0.3795680298</y><z>0.0490411446</z></point><point><x>-0.55</x><y>-0.3795680298</y><z>0.1278785838</z></point><point><x>-0.55</x><y>-0.3795680298</y><z>-0.1277917871</z></point></f1><m0><point><x>0.6</x><y>-0.05</y><z>-0.6</z></point><point><x>-0.6</x><y>-0.05</y><z>-0.6</z></point><point><x>-0.6</x><y>-0.05</y><z>0.6</z></point><point><x>0.6</x><y>-0.05</y><z>0.6</z></point><point><x>0.6</x><y>-0.05</y><z>-0.6</z></point></m0><m1><point><x>0.6</x><y>0.05</y><z>-0.6</z></point><point><x>-0.6</x><y>0.05</y><z>-0.6</z></point><point><x>-0.6</x><y>0.05</y><z>0.6</z></point><point><x>0.6</x><y>0.05</y><z>0.6</z></point><point><x>0.6</x><y>0.05</y><z>-0.6</z></point></m1><m0><point><x>0.55</x><y>-0.25</y><z>0.55</z></point><point><x>0.55</x><y>-0.25</y><z>-0.55</z></point><point><x>-0.55</x><y>-0.25</y><z>-0.55</z></point><point><x>-0.55</x><y>-0.25</y><z>-0.1711903396</z></point><point><x>0.25</x><y>-0.25</y><z>-0.0923529005</z></point><point><x>0.25</x><y>-0.25</y><z>0.0922862505</z></point><point><x>-0.55</x><y>-0.25</y><z>0.1716243232</z></point><point><x>-0.55</x><y>-0.25</y><z>0.55</z></point><point><x>0.55</x><y>-0.25</y><z>0.55</z></point></m0><m1><point><x>0.55</x><y>0</y><z>0.55</z></point><point><x>0.55</x><y>0</y><z>-0.55</z></point><point><x>-0.55</x><y>0</y><z>-0.55</z></point><point><x>-0.55</x><y>0</y><z>-0.2549273399</z></point><point><x>0.25</x><y>0</y><z>-0.1760899008</z></point><point><x>0.25</x><y>0</y><z>0.1760899008</z></point><point><x>-0.55</x><y>0</y><z>0.2549273399</z></point><point><x>-0.55</x><y>0</y><z>0.55</z></point><point><x>0.55</x><y>0</y><z>0.55</z></point></m1><m0><point><x>-0.5</x><y>-0.2171572875</y><z>0.2171572875</z></point><point><x>-0.5</x><y>-0.5</y><z>0.5</z></point><point><x>0.5</x><y>-0.5</y><z>0.5</z></point><point><x>0.5</x><y>-0.2171572875</y><z>0.2171572875</z></point><point><x>-0.5</x><y>-0.2171572875</y><z>0.2171572875</z></point></m0><m1><point><x>-0.5</x><y>0.0656854249</y><z>0.5</z></point><point><x>-0.5</x><y>-0.2171572875</y><z>0.7828427125</z></point><point><x>0.5</x><y>-0.2171572875</y><z>0.7828427125</z></point><point><x>0.5</x><y>0.0656854249</y><z>0.5</z></point><point><x>-0.5</x><y>0.0656854249</y><z>0.5</z></point></m1><m0><point><x>0.5</x><y>-0.2171572875</y><z>-0.2171572875</z></point><point><x>0.5</x><y>-0.5</y><z>-0.5</z></point><point><x>-0.5</x><y>-0.5</y><z>-0.5</z></point><point><x>-0.5</x><y>-0.2171572875</y><z>-0.2171572875</z></point><point><x>0.5</x><y>-0.2171572875</y><z>-0.2171572875</z></point></m0><m1><point><x>0.5</x><y>0.0656854249</y><z>-0.5</z></point><point><x>0.5</x><y>-0.2171572875</y><z>-0.7828427125</z></point><point><x>-0.5</x><y>-0.2171572875</y><z>-0.7828427125</z></point><point><x>-0.5</x><y>0.0656854249</y><z>-0.5</z></point><point><x>0.5</x><y>0.0656854249</y><z>-0.5</z></point></m1><f_boolean_type><id>6</id><id>6</id><id>6</id><id>6</id></f_boolean_type><m_boolean_type><id>6</id><id>6</id><id>6</id><id>6</id></m_boolean_type><properties><id>1</id></properties></ts_e_p_9></custom_joints>